rank,drug_name,broad_id,smiles,affinity_kcal_mol
1,MK-3207,BRD-K66911501-003-02-9,O=C(CN1C(=O)C2(CCCC2)NC[C@H]1c1cc(F)cc(F)c1)Nc1ccc2c(c1)C[C@@]1(C2)C(=O)Nc2ncccc21,-14.024
2,LY2584702,BRD-K21833260-075-01-1,Cn1cc(-c2ccc(F)c(C(F)(F)F)c2)nc1C1CCN(c2ncnc3n[nH]cc23)CC1,-13.058
3,KPT-9274,BRD-K00004701-001-01-9,Nc1ccc(/C=C/C(=O)NCc2cc3cc(-c4ccc(C(=O)N5CCC(F)(F)CC5)cc4)cc(-c4ccc(F)cc4)c3o2)cn1,-13.025
4,BMS-935177,BRD-K00004721-001-01-9,Cc1c(-c2ccc(C(N)=O)c3[nH]c4cc(C(C)(C)O)ccc4c23)cccc1-n1cnc2ccccc2c1=O,-13.003
5,salvianolic-acid-B,BRD-K18898553-001-01-1,O=C(/C=C/c1ccc(O)c2c1[C@@H](C(=O)O[C@H](Cc1ccc(O)c(O)c1)C(=O)O)[C@H](c1ccc(O)c(O)c1)O2)O[C@H](Cc1ccc(O)c(O)c1)C(=O)O,-12.790
6,IRL-2500,BRD-K98357249-001-03-9,Cc1cc(C)cc(C(=O)N(C)[C@H](Cc2ccc(-c3ccccc3)cc2)C(=O)N[C@@H](Cc2c[nH]c3ccccc23)C(=O)O)c1,-12.766
7,AR-12,BRD-K90497590-001-08-3,NCC(=O)Nc1ccc(-n2nc(C(F)(F)F)cc2-c2ccc3c(ccc4ccccc43)c2)cc1,-12.656
8,C188-9,BRD-K00003114-001-01-9,COc1ccc(S(=O)(=O)Nc2cc(-c3c(O)ccc4ccccc34)c(O)c3ccccc23)cc1,-12.636
9,ETP-46464,BRD-K24556407-001-02-3,CC(C)(C#N)c1ccc(N2C(=O)OCc3cnc4ccc(-c5cnc6ccccc6c5)cc4c32)cc1,-12.625
10,itacitinib,BRD-K67482377-001-01-8,N#CCC1(n2cc(-c3ncnc4[nH]ccc34)cn2)CN(C2CCN(C(=O)c3ccnc(C(F)(F)F)c3F)CC2)C1,-12.616
11,GZD824,BRD-K35329391-334-01-7,Cc1ccc(C(=O)Nc2ccc(CN3CCN(C)CC3)c(C(F)(F)F)c2)cc1C#Cc1cnc2n[nH]cc2c1,-12.518
12,EB-47,BRD-K66998413-300-01-6,Nc1ncnc2c1ncn2[C@H]1O[C@@H](C(=O)N2CCN(CC(=O)Nc3cccc4c3CNC4=O)CC2)[C@H](O)[C@@H]1O,-12.507
13,ICG-001,BRD-K73261812-001-05-9,O=C1[C@H](Cc2ccc(O)cc2)N2C(=O)CCN(C(=O)NCc3ccccc3)[C@H]2CN1Cc1cccc2ccccc12,-12.443
14,NBI-74330-(+/-),BRD-A86523169-001-02-9,CCOc1ccc(-n2c([C@@H](C)N(Cc3cccnc3)C(=O)Cc3ccc(F)c(C(F)(F)F)c3)nc3ncccc3c2=O)cc1,-12.443
15,VU0155069,BRD-K48535733-003-02-0,C[C@@H](CN1CCC(n2c(=O)[nH]c3cc(Cl)ccc32)CC1)NC(=O)c1ccc2ccccc2c1,-12.434
16,INC-280,BRD-K81016934-001-03-9,CNC(=O)c1ccc(-c2cnc3ncc(Cc4ccc5ncccc5c4)n3n2)cc1F,-12.421
17,BGT226,BRD-K29415052-050-05-5,COc1ccc(-c2ccc3ncc4c(c3c2)n(-c2ccc(N3CCNCC3)c(C(F)(F)F)c2)c(=O)n4C)cn1,-12.390
18,FK-888,BRD-K83508485-001-03-5,CN(Cc1ccccc1)C(=O)[C@H](Cc1ccc2ccccc2c1)NC(=O)[C@@H]1C[C@@H](O)CN1C(=O)c1cn(C)c2ccccc12,-12.385
19,epigallocatechin-gallate-(-),BRD-K55591206-001-20-7,O=C(O[C@@H]1Cc2c(O)cc(O)cc2O[C@@H]1c1cc(O)c(O)c(O)c1)c1cc(O)c(O)c(O)c1,-12.354
20,TCS-21311,BRD-K49461364-001-02-8,CC(C)(O)C(=O)N1CCN(c2ccc(C(F)(F)F)c(C3=C(c4c[nH]c5ccccc45)C(=O)NC3=O)c2)CC1,-12.353
21,nemiralisib,BRD-K00003285-001-01-9,CC(C)N1CCN(Cc2cnc(-c3cc(-c4cccc5[nH]ccc45)cc4[nH]ncc34)o2)CC1,-12.342
22,HM-30181,BRD-K74319597-001-02-9,COc1cc2c(cc1OC)CN(CCc1ccc(-n3nnc(-c4cc(OC)c(OC)cc4NC(=O)c4cc(=O)c5ccccc5o4)n3)cc1)CC2,-12.336
23,GSK2606414,BRD-K81689258-001-04-8,Cn1cc(-c2ccc3c(c2)CCN3C(=O)Cc2cccc(C(F)(F)F)c2)c2c(N)ncnc21,-12.335
24,VU0364739,BRD-K93317811-003-02-2,O=C(NCCN1CCC2(CC1)C(=O)NCN2c1cccc(F)c1)c1ccc2ccccc2c1,-12.308
25,dutasteride,BRD-K30373883-001-03-9,C[C@]12C=CC(=O)N[C@@H]1CC[C@@H]1[C@@H]2CC[C@]2(C)[C@@H](C(=O)Nc3cc(C(F)(F)F)ccc3C(F)(F)F)CC[C@@H]12,-12.279
26,ML228,BRD-K44432556-001-05-5,c1ccc(-c2ccc(CNc3nc(-c4ccccn4)nnc3-c3ccccc3)cc2)cc1,-12.277
27,hypericin,BRD-K29673530-001-06-9,Cc1cc(O)c2c(=O)c3c(O)cc(O)c4c5c(O)cc(O)c6c(=O)c7c(O)cc(C)c8c1c2c(c34)c(c78)c65,-12.250
28,procyanidin-B-2,BRD-K72093555-001-03-9,Oc1cc(O)c2c(c1)O[C@H](c1ccc(O)c(O)c1)[C@H](O)[C@H]2c1c(O)cc(O)c2c1O[C@H](c1ccc(O)c(O)c1)[C@@H](O)C2,-12.249
29,CID-16020046,BRD-K00004311-001-01-9,Cc1ccc(-c2n[nH]c3c2[C@H](c2cccc(O)c2)N(c2ccc(C(=O)O)cc2)C3=O)cc1,-12.246
30,MK-0893,BRD-K16732600-001-02-9,COc1ccc2cc(-c3cc(-c4cc(Cl)cc(Cl)c4)nn3[C@@H](C)c3ccc(C(=O)NCCC(=O)O)cc3)ccc2c1,-12.237
31,lomitapide,BRD-K92213669-001-01-3,O=C(NC1CCN(CCCCC2(C(=O)NCC(F)(F)F)c3ccccc3-c3ccccc32)CC1)c1ccccc1-c1ccc(C(F)(F)F)cc1,-12.222
32,tegobuvir,BRD-K26701552-001-02-9,Fc1ccccc1-c1nc2ccn(Cc3ccc(-c4ccc(C(F)(F)F)cc4C(F)(F)F)nn3)cc-2n1,-12.207
33,AV-608,BRD-K96615647-001-02-9,O=C(N[C@H]1CCN(C(=O)c2cc(C(F)(F)F)cc(C(F)(F)F)c2)[C@H](Cc2ccc(Cl)cc2)C1)c1ccnc2ccccc12,-12.203
34,PIK-294,BRD-K50631926-001-03-9,Cc1ccccc1-n1c(Cn2nc(-c3cccc(O)c3)c3c(N)ncnc32)nc2cccc(C)c2c1=O,-12.197
35,R306465,BRD-K86687746-001-01-3,O=C(NO)c1cnc(N2CCN(S(=O)(=O)c3ccc4ccccc4c3)CC2)nc1,-12.160
36,seletalisib,BRD-K00003228-001-01-9,[O-][n+]1cccc(-c2nc3c(Cl)cccc3cc2[C@@H](Nc2ncnc3cccnc23)C(F)(F)F)c1,-12.158
37,XL147,BRD-K95901403-001-04-5,Cc1ccc(S(=O)(=O)Nc2nc3ccccc3nc2Nc2ccc3nsnc3c2)cc1,-12.153
38,NDT-9513727,BRD-K17539220-001-01-5,CCCCn1c(-c2ccccc2)nc(-c2ccccc2)c1CN(Cc1ccc2c(c1)OCO2)Cc1ccc2c(c1)OCO2,-12.146
39,ritanserin,BRD-K40887525-001-23-5,Cc1nc2sccn2c(=O)c1CCN1CCC(=C(c2ccc(F)cc2)c2ccc(F)cc2)CC1,-12.140
40,BMS-986158,BRD-K00003423-001-01-9,Cc1nnn(C)c1-c1cnc2c3ccc(C(C)(C)O)cc3n([C@H](c3ccccc3)C3CCOCC3)c2c1,-12.131
41,eltrombopag,BRD-K00003572-001-01-9,CC1=NN(c2ccc(C)c(C)c2)C(=O)C1=NNc1cccc(-c2cccc(C(=O)O)c2)c1O,-12.123
42,AZD3839,BRD-K00004606-001-01-9,NC1=N[C@@](c2cccc(-c3cncnc3)c2)(c2ccnc(C(F)F)c2)c2cccc(F)c21,-12.120
43,dofequidar,BRD-A14941520-051-01-0,O=C(C(c1ccccc1)c1ccccc1)N1CCN(CC(O)COc2cccc3ncccc23)CC1,-12.120
44,dasabuvir,BRD-K02943813-001-01-9,COc1c(-c2ccc3cc(NS(C)(=O)=O)ccc3c2)cc(-n2ccc(=O)[nH]c2=O)cc1C(C)(C)C,-12.119
45,galeterone,BRD-K00004319-001-01-9,C[C@]12CC[C@H](O)CC1=CC[C@@H]1[C@@H]2CC[C@]2(C)C(n3cnc4ccccc43)=CC[C@@H]12,-12.114
46,deltarasin,BRD-K90830492-305-01-4,c1ccc(Cn2c(-c3ccc(OC[C@H](C4CCNCC4)n4c(-c5ccccc5)nc5ccccc54)cc3)nc3ccccc32)cc1,-12.113
47,SDZ-NKT-343,BRD-K65820248-001-02-6,CN(Cc1ccccc1)C(=O)[C@H](Cc1ccc2ccccc2c1)NC(=O)[C@@H]1CCCN1C(=O)Nc1ccccc1[N+](=O)[O-],-12.110
48,MK-2295,BRD-K43316319-001-01-8,FC(F)(F)c1ccc(Nc2ncnc3cc(-c4ncccc4C(F)(F)F)ccc23)cc1,-12.097
49,naltriben,BRD-K81275354-066-07-9,Oc1ccc2c3c1O[C@H]1c4oc5ccccc5c4C[C@@]4(O)[C@@H](C2)N(CC2CC2)CC[C@]314,-12.085
50,olaparib,BRD-K02113016-001-19-6,O=C(c1cc(Cc2n[nH]c(=O)c3ccccc23)ccc1F)N1CCN(C(=O)C2CC2)CC1,-12.085
